phase,model,combo_id,version,repeat_idx,array_size,sram_kb,interface_bandwidth,dataflow,ifmap_offset,filter_offset,ofmap_offset,rng_seed,wall_seconds,returncode,status,timed_out,total_cycles,total_cycles_incl_prefetch,num_layers_reported,topology_file,config_path,output_dir,log_path,numpy_version,hostname,python_version,cpu_model,timestamp
main_grid,resnet18,anchor,vanilla,1,32,64,CALC,ws,0,10000000,20000000,40,307.208,0,ok,False,2519815,2603685,21,/data/grizos/SCALE-Sim/topologies/conv_nets/Resnet18.csv,/data/grizos/Scale-Sim-SPM/benchmarks/results_new/cfgs/resnet18__anchor__vanilla__rep1.cfg,/data/grizos/Scale-Sim-SPM/benchmarks/results_new/runs/vanilla/resnet18__anchor__vanilla__rep1,/data/grizos/Scale-Sim-SPM/benchmarks/results_new/logs/vanilla/resnet18__anchor__vanilla__rep1.log,1.24.4,wil,3.8.10,x86_64,2026-09-22T17:16:05.358875+00:00
main_grid,resnet18,anchor,optimized,1,32,64,CALC,ws,0,10000000,20000000,40,187.909,0,ok,False,2519815,2603685,21,/data/grizos/Scale-Sim-SPM/topologies/conv_nets/Resnet18.csv,/data/grizos/Scale-Sim-SPM/benchmarks/results_new/cfgs/resnet18__anchor__optimized__rep1.cfg,/data/grizos/Scale-Sim-SPM/benchmarks/results_new/runs/optimized/resnet18__anchor__optimized__rep1,/data/grizos/Scale-Sim-SPM/benchmarks/results_new/logs/optimized/resnet18__anchor__optimized__rep1.log,1.24.4,wil,3.8.10,x86_64,2026-09-22T17:19:13.530769+00:00
main_grid,googlenet,grid_a64_s16_user,vanilla,1,64,16,USER,ws,0,10000000,20000000,40,3600.129,,timeout,True,,,,/data/grizos/SCALE-Sim/topologies/conv_nets/Googlenet.csv,/data/grizos/Scale-Sim-SPM/benchmarks/results_new/cfgs/googlenet__grid_a64_s16_user__vanilla__rep1.cfg,/data/grizos/Scale-Sim-SPM/benchmarks/results_new/runs/vanilla/googlenet__grid_a64_s16_user__vanilla__rep1,/data/grizos/Scale-Sim-SPM/benchmarks/results_new/logs/vanilla/googlenet__grid_a64_s16_user__vanilla__rep1.log,1.24.4,wil,3.8.10,x86_64,2026-09-22T18:23:56.665702+00:00
main_grid,googlenet,anchor,vanilla,1,32,64,CALC,ws,0,10000000,20000000,40,250.861,0,ok,False,1987921,2214019,58,/data/grizos/SCALE-Sim/topologies/conv_nets/Googlenet.csv,/data/grizos/Scale-Sim-SPM/benchmarks/results_new/cfgs/googlenet__anchor__vanilla__rep1.cfg,/data/grizos/Scale-Sim-SPM/benchmarks/results_new/runs/vanilla/googlenet__anchor__vanilla__rep1,/data/grizos/Scale-Sim-SPM/benchmarks/results_new/logs/vanilla/googlenet__anchor__vanilla__rep1.log,1.24.4,wil,3.8.10,x86_64,2026-09-22T21:24:41.409341+00:00
main_grid,googlenet,anchor,optimized,1,32,64,CALC,ws,0,10000000,20000000,40,152.725,0,ok,False,1987921,2214019,58,/data/grizos/Scale-Sim-SPM/topologies/conv_nets/Googlenet.csv,/data/grizos/Scale-Sim-SPM/benchmarks/results_new/cfgs/googlenet__anchor__optimized__rep1.cfg,/data/grizos/Scale-Sim-SPM/benchmarks/results_new/runs/optimized/googlenet__anchor__optimized__rep1,/data/grizos/Scale-Sim-SPM/benchmarks/results_new/logs/optimized/googlenet__anchor__optimized__rep1.log,1.24.4,wil,3.8.10,x86_64,2026-09-22T21:27:14.398207+00:00
main_grid,googlenet,grid_a16_s16_user,vanilla,1,16,16,USER,ws,0,10000000,20000000,40,7200.169,,timeout,True,,,,/data/grizos/SCALE-Sim/topologies/conv_nets/Googlenet.csv,/data/grizos/Scale-Sim-SPM/benchmarks/results_new/cfgs/googlenet__grid_a16_s16_user__vanilla__rep1.cfg,/data/grizos/Scale-Sim-SPM/benchmarks/results_new/runs/vanilla/googlenet__grid_a16_s16_user__vanilla__rep1,/data/grizos/Scale-Sim-SPM/benchmarks/results_new/logs/vanilla/googlenet__grid_a16_s16_user__vanilla__rep1.log,1.24.4,wil,3.8.10,x86_64,2026-09-22T23:27:14.814255+00:00
main_grid,googlenet,grid_a16_s16_user,optimized,1,16,16,USER,ws,0,10000000,20000000,40,950.345,0,ok,False,162009849,162102065,58,/data/grizos/Scale-Sim-SPM/topologies/conv_nets/Googlenet.csv,/data/grizos/Scale-Sim-SPM/benchmarks/results_new/cfgs/googlenet__grid_a16_s16_user__optimized__rep1.cfg,/data/grizos/Scale-Sim-SPM/benchmarks/results_new/runs/optimized/googlenet__grid_a16_s16_user__optimized__rep1,/data/grizos/Scale-Sim-SPM/benchmarks/results_new/logs/optimized/googlenet__grid_a16_s16_user__optimized__rep1.log,1.24.4,wil,3.8.10,x86_64,2026-09-22T23:43:06.159869+00:00
main_grid,googlenet,grid_a16_s32_user,vanilla,1,16,32,USER,ws,0,10000000,20000000,40,2104.973,0,ok,False,36532013,36711558,58,/data/grizos/SCALE-Sim/topologies/conv_nets/Googlenet.csv,/data/grizos/Scale-Sim-SPM/benchmarks/results_new/cfgs/googlenet__grid_a16_s32_user__vanilla__rep1.cfg,/data/grizos/Scale-Sim-SPM/benchmarks/results_new/runs/vanilla/googlenet__grid_a16_s32_user__vanilla__rep1,/data/grizos/Scale-Sim-SPM/benchmarks/results_new/logs/vanilla/googlenet__grid_a16_s32_user__vanilla__rep1.log,1.24.4,wil,3.8.10,x86_64,2026-09-23T00:18:13.422651+00:00
main_grid,googlenet,grid_a16_s32_user,optimized,1,16,32,USER,ws,0,10000000,20000000,40,516.301,0,ok,False,36532013,36711558,58,/data/grizos/Scale-Sim-SPM/topologies/conv_nets/Googlenet.csv,/data/grizos/Scale-Sim-SPM/benchmarks/results_new/cfgs/googlenet__grid_a16_s32_user__optimized__rep1.cfg,/data/grizos/Scale-Sim-SPM/benchmarks/results_new/runs/optimized/googlenet__grid_a16_s32_user__optimized__rep1,/data/grizos/Scale-Sim-SPM/benchmarks/results_new/logs/optimized/googlenet__grid_a16_s32_user__optimized__rep1.log,1.24.4,wil,3.8.10,x86_64,2026-09-23T00:26:50.539071+00:00
main_grid,googlenet,grid_a16_s64_user,vanilla,1,16,64,USER,ws,0,10000000,20000000,40,929.439,0,ok,False,17786098,18166428,58,/data/grizos/SCALE-Sim/topologies/conv_nets/Googlenet.csv,/data/grizos/Scale-Sim-SPM/benchmarks/results_new/cfgs/googlenet__grid_a16_s64_user__vanilla__rep1.cfg,/data/grizos/Scale-Sim-SPM/benchmarks/results_new/runs/vanilla/googlenet__grid_a16_s64_user__vanilla__rep1,/data/grizos/Scale-Sim-SPM/benchmarks/results_new/logs/vanilla/googlenet__grid_a16_s64_user__vanilla__rep1.log,1.24.4,wil,3.8.10,x86_64,2026-09-23T00:42:20.795301+00:00
main_grid,googlenet,grid_a16_s64_user,optimized,1,16,64,USER,ws,0,10000000,20000000,40,436.724,0,ok,False,17786098,18166428,58,/data/grizos/Scale-Sim-SPM/topologies/conv_nets/Googlenet.csv,/data/grizos/Scale-Sim-SPM/benchmarks/results_new/cfgs/googlenet__grid_a16_s64_user__optimized__rep1.cfg,/data/grizos/Scale-Sim-SPM/benchmarks/results_new/runs/optimized/googlenet__grid_a16_s64_user__optimized__rep1,/data/grizos/Scale-Sim-SPM/benchmarks/results_new/logs/optimized/googlenet__grid_a16_s64_user__optimized__rep1.log,1.24.4,wil,3.8.10,x86_64,2026-09-23T00:49:38.075972+00:00
main_grid,googlenet,grid_a16_s128_user,vanilla,1,16,128,USER,ws,0,10000000,20000000,40,888.697,0,ok,False,16938780,17640662,58,/data/grizos/SCALE-Sim/topologies/conv_nets/Googlenet.csv,/data/grizos/Scale-Sim-SPM/benchmarks/results_new/cfgs/googlenet__grid_a16_s128_user__vanilla__rep1.cfg,/data/grizos/Scale-Sim-SPM/benchmarks/results_new/runs/vanilla/googlenet__grid_a16_s128_user__vanilla__rep1,/data/grizos/Scale-Sim-SPM/benchmarks/results_new/logs/vanilla/googlenet__grid_a16_s128_user__vanilla__rep1.log,1.24.4,wil,3.8.10,x86_64,2026-09-23T01:04:27.330222+00:00
main_grid,googlenet,grid_a16_s128_user,optimized,1,16,128,USER,ws,0,10000000,20000000,40,434.657,0,ok,False,16938780,17640662,58,/data/grizos/Scale-Sim-SPM/topologies/conv_nets/Googlenet.csv,/data/grizos/Scale-Sim-SPM/benchmarks/results_new/cfgs/googlenet__grid_a16_s128_user__optimized__rep1.cfg,/data/grizos/Scale-Sim-SPM/benchmarks/results_new/runs/optimized/googlenet__grid_a16_s128_user__optimized__rep1,/data/grizos/Scale-Sim-SPM/benchmarks/results_new/logs/optimized/googlenet__grid_a16_s128_user__optimized__rep1.log,1.24.4,wil,3.8.10,x86_64,2026-09-23T01:11:42.528540+00:00
main_grid,googlenet,grid_a16_s256_user,vanilla,1,16,256,USER,ws,0,10000000,20000000,40,826.385,0,ok,False,14679732,16007780,58,/data/grizos/SCALE-Sim/topologies/conv_nets/Googlenet.csv,/data/grizos/Scale-Sim-SPM/benchmarks/results_new/cfgs/googlenet__grid_a16_s256_user__vanilla__rep1.cfg,/data/grizos/Scale-Sim-SPM/benchmarks/results_new/runs/vanilla/googlenet__grid_a16_s256_user__vanilla__rep1,/data/grizos/Scale-Sim-SPM/benchmarks/results_new/logs/vanilla/googlenet__grid_a16_s256_user__vanilla__rep1.log,1.24.4,wil,3.8.10,x86_64,2026-09-23T01:25:29.443656+00:00
main_grid,googlenet,grid_a16_s256_user,optimized,1,16,256,USER,ws,0,10000000,20000000,40,414.339,0,ok,False,14679732,16007780,58,/data/grizos/Scale-Sim-SPM/topologies/conv_nets/Googlenet.csv,/data/grizos/Scale-Sim-SPM/benchmarks/results_new/cfgs/googlenet__grid_a16_s256_user__optimized__rep1.cfg,/data/grizos/Scale-Sim-SPM/benchmarks/results_new/runs/optimized/googlenet__grid_a16_s256_user__optimized__rep1,/data/grizos/Scale-Sim-SPM/benchmarks/results_new/logs/optimized/googlenet__grid_a16_s256_user__optimized__rep1.log,1.24.4,wil,3.8.10,x86_64,2026-09-23T01:32:24.277764+00:00
main_grid,googlenet,grid_a32_s16_user,vanilla,1,32,16,USER,ws,0,10000000,20000000,40,7200.145,,timeout,True,,,,/data/grizos/SCALE-Sim/topologies/conv_nets/Googlenet.csv,/data/grizos/Scale-Sim-SPM/benchmarks/results_new/cfgs/googlenet__grid_a32_s16_user__vanilla__rep1.cfg,/data/grizos/Scale-Sim-SPM/benchmarks/results_new/runs/vanilla/googlenet__grid_a32_s16_user__vanilla__rep1,/data/grizos/Scale-Sim-SPM/benchmarks/results_new/logs/vanilla/googlenet__grid_a32_s16_user__vanilla__rep1.log,1.24.4,wil,3.8.10,x86_64,2026-09-23T03:32:24.918733+00:00
main_grid,googlenet,grid_a32_s16_user,optimized,1,32,16,USER,ws,0,10000000,20000000,40,537.104,0,ok,False,103845872,103941527,58,/data/grizos/Scale-Sim-SPM/topologies/conv_nets/Googlenet.csv,/data/grizos/Scale-Sim-SPM/benchmarks/results_new/cfgs/googlenet__grid_a32_s16_user__optimized__rep1.cfg,/data/grizos/Scale-Sim-SPM/benchmarks/results_new/runs/optimized/googlenet__grid_a32_s16_user__optimized__rep1,/data/grizos/Scale-Sim-SPM/benchmarks/results_new/logs/optimized/googlenet__grid_a32_s16_user__optimized__rep1.log,1.24.4,wil,3.8.10,x86_64,2026-09-23T03:41:22.751139+00:00
main_grid,googlenet,grid_a32_s32_user,vanilla,1,32,32,USER,ws,0,10000000,20000000,40,1533.526,0,ok,False,33419851,33615730,58,/data/grizos/SCALE-Sim/topologies/conv_nets/Googlenet.csv,/data/grizos/Scale-Sim-SPM/benchmarks/results_new/cfgs/googlenet__grid_a32_s32_user__vanilla__rep1.cfg,/data/grizos/Scale-Sim-SPM/benchmarks/results_new/runs/vanilla/googlenet__grid_a32_s32_user__vanilla__rep1,/data/grizos/Scale-Sim-SPM/benchmarks/results_new/logs/vanilla/googlenet__grid_a32_s32_user__vanilla__rep1.log,1.24.4,wil,3.8.10,x86_64,2026-09-23T04:06:57.798719+00:00
main_grid,googlenet,grid_a32_s32_user,optimized,1,32,32,USER,ws,0,10000000,20000000,40,296.648,0,ok,False,33419851,33615730,58,/data/grizos/Scale-Sim-SPM/topologies/conv_nets/Googlenet.csv,/data/grizos/Scale-Sim-SPM/benchmarks/results_new/cfgs/googlenet__grid_a32_s32_user__optimized__rep1.cfg,/data/grizos/Scale-Sim-SPM/benchmarks/results_new/runs/optimized/googlenet__grid_a32_s32_user__optimized__rep1,/data/grizos/Scale-Sim-SPM/benchmarks/results_new/logs/optimized/googlenet__grid_a32_s32_user__optimized__rep1.log,1.24.4,wil,3.8.10,x86_64,2026-09-23T04:11:55.079984+00:00
main_grid,googlenet,grid_a32_s64_user,vanilla,1,32,64,USER,ws,0,10000000,20000000,40,441.268,0,ok,False,15323008,15716623,58,/data/grizos/SCALE-Sim/topologies/conv_nets/Googlenet.csv,/data/grizos/Scale-Sim-SPM/benchmarks/results_new/cfgs/googlenet__grid_a32_s64_user__vanilla__rep1.cfg,/data/grizos/Scale-Sim-SPM/benchmarks/results_new/runs/vanilla/googlenet__grid_a32_s64_user__vanilla__rep1,/data/grizos/Scale-Sim-SPM/benchmarks/results_new/logs/vanilla/googlenet__grid_a32_s64_user__vanilla__rep1.log,1.24.4,wil,3.8.10,x86_64,2026-09-23T04:19:16.978339+00:00
main_grid,googlenet,grid_a32_s64_user,optimized,1,32,64,USER,ws,0,10000000,20000000,40,234.985,0,ok,False,15323008,15716623,58,/data/grizos/Scale-Sim-SPM/topologies/conv_nets/Googlenet.csv,/data/grizos/Scale-Sim-SPM/benchmarks/results_new/cfgs/googlenet__grid_a32_s64_user__optimized__rep1.cfg,/data/grizos/Scale-Sim-SPM/benchmarks/results_new/runs/optimized/googlenet__grid_a32_s64_user__optimized__rep1,/data/grizos/Scale-Sim-SPM/benchmarks/results_new/logs/optimized/googlenet__grid_a32_s64_user__optimized__rep1.log,1.24.4,wil,3.8.10,x86_64,2026-09-23T04:23:12.371171+00:00
main_grid,googlenet,grid_a32_s128_user,vanilla,1,32,128,USER,ws,0,10000000,20000000,40,398.497,0,ok,False,12819974,13557170,58,/data/grizos/SCALE-Sim/topologies/conv_nets/Googlenet.csv,/data/grizos/Scale-Sim-SPM/benchmarks/results_new/cfgs/googlenet__grid_a32_s128_user__vanilla__rep1.cfg,/data/grizos/Scale-Sim-SPM/benchmarks/results_new/runs/vanilla/googlenet__grid_a32_s128_user__vanilla__rep1,/data/grizos/Scale-Sim-SPM/benchmarks/results_new/logs/vanilla/googlenet__grid_a32_s128_user__vanilla__rep1.log,1.24.4,wil,3.8.10,x86_64,2026-09-23T04:29:51.270834+00:00
main_grid,googlenet,grid_a32_s128_user,optimized,1,32,128,USER,ws,0,10000000,20000000,40,228.691,0,ok,False,12819974,13557170,58,/data/grizos/Scale-Sim-SPM/topologies/conv_nets/Googlenet.csv,/data/grizos/Scale-Sim-SPM/benchmarks/results_new/cfgs/googlenet__grid_a32_s128_user__optimized__rep1.cfg,/data/grizos/Scale-Sim-SPM/benchmarks/results_new/runs/optimized/googlenet__grid_a32_s128_user__optimized__rep1,/data/grizos/Scale-Sim-SPM/benchmarks/results_new/logs/optimized/googlenet__grid_a32_s128_user__optimized__rep1.log,1.24.4,wil,3.8.10,x86_64,2026-09-23T04:33:40.324757+00:00
main_grid,googlenet,grid_a32_s256_user,vanilla,1,32,256,USER,ws,0,10000000,20000000,40,354.889,0,ok,False,9795055,11157149,58,/data/grizos/SCALE-Sim/topologies/conv_nets/Googlenet.csv,/data/grizos/Scale-Sim-SPM/benchmarks/results_new/cfgs/googlenet__grid_a32_s256_user__vanilla__rep1.cfg,/data/grizos/Scale-Sim-SPM/benchmarks/results_new/runs/vanilla/googlenet__grid_a32_s256_user__vanilla__rep1,/data/grizos/Scale-Sim-SPM/benchmarks/results_new/logs/vanilla/googlenet__grid_a32_s256_user__vanilla__rep1.log,1.24.4,wil,3.8.10,x86_64,2026-09-23T04:39:35.563121+00:00
main_grid,googlenet,grid_a32_s256_user,optimized,1,32,256,USER,ws,0,10000000,20000000,40,210.876,0,ok,False,9795055,11157149,58,/data/grizos/Scale-Sim-SPM/topologies/conv_nets/Googlenet.csv,/data/grizos/Scale-Sim-SPM/benchmarks/results_new/cfgs/googlenet__grid_a32_s256_user__optimized__rep1.cfg,/data/grizos/Scale-Sim-SPM/benchmarks/results_new/runs/optimized/googlenet__grid_a32_s256_user__optimized__rep1,/data/grizos/Scale-Sim-SPM/benchmarks/results_new/logs/optimized/googlenet__grid_a32_s256_user__optimized__rep1.log,1.24.4,wil,3.8.10,x86_64,2026-09-23T04:43:06.774588+00:00
main_grid,googlenet,grid_a64_s16_user,vanilla,1,64,16,USER,ws,0,10000000,20000000,40,7200.083,,timeout,True,,,,/data/grizos/SCALE-Sim/topologies/conv_nets/Googlenet.csv,/data/grizos/Scale-Sim-SPM/benchmarks/results_new/cfgs/googlenet__grid_a64_s16_user__vanilla__rep1.cfg,/data/grizos/Scale-Sim-SPM/benchmarks/results_new/runs/vanilla/googlenet__grid_a64_s16_user__vanilla__rep1,/data/grizos/Scale-Sim-SPM/benchmarks/results_new/logs/vanilla/googlenet__grid_a64_s16_user__vanilla__rep1.log,1.24.4,wil,3.8.10,x86_64,2026-09-23T06:43:07.197259+00:00
main_grid,googlenet,grid_a64_s16_user,optimized,1,64,16,USER,ws,0,10000000,20000000,40,327.839,0,ok,False,64078821,64172757,58,/data/grizos/Scale-Sim-SPM/topologies/conv_nets/Googlenet.csv,/data/grizos/Scale-Sim-SPM/benchmarks/results_new/cfgs/googlenet__grid_a64_s16_user__optimized__rep1.cfg,/data/grizos/Scale-Sim-SPM/benchmarks/results_new/runs/optimized/googlenet__grid_a64_s16_user__optimized__rep1,/data/grizos/Scale-Sim-SPM/benchmarks/results_new/logs/optimized/googlenet__grid_a64_s16_user__optimized__rep1.log,1.24.4,wil,3.8.10,x86_64,2026-09-23T06:48:35.834832+00:00
main_grid,googlenet,grid_a64_s32_user,vanilla,1,64,32,USER,ws,0,10000000,20000000,40,1614.758,0,ok,False,37937450,38123551,58,/data/grizos/SCALE-Sim/topologies/conv_nets/Googlenet.csv,/data/grizos/Scale-Sim-SPM/benchmarks/results_new/cfgs/googlenet__grid_a64_s32_user__vanilla__rep1.cfg,/data/grizos/Scale-Sim-SPM/benchmarks/results_new/runs/vanilla/googlenet__grid_a64_s32_user__vanilla__rep1,/data/grizos/Scale-Sim-SPM/benchmarks/results_new/logs/vanilla/googlenet__grid_a64_s32_user__vanilla__rep1.log,1.24.4,wil,3.8.10,x86_64,2026-09-23T07:15:31.534346+00:00
main_grid,googlenet,grid_a64_s32_user,optimized,1,64,32,USER,ws,0,10000000,20000000,40,243.488,0,ok,False,37937450,38123551,58,/data/grizos/Scale-Sim-SPM/topologies/conv_nets/Googlenet.csv,/data/grizos/Scale-Sim-SPM/benchmarks/results_new/cfgs/googlenet__grid_a64_s32_user__optimized__rep1.cfg,/data/grizos/Scale-Sim-SPM/benchmarks/results_new/runs/optimized/googlenet__grid_a64_s32_user__optimized__rep1,/data/grizos/Scale-Sim-SPM/benchmarks/results_new/logs/optimized/googlenet__grid_a64_s32_user__optimized__rep1.log,1.24.4,wil,3.8.10,x86_64,2026-09-23T07:19:35.641353+00:00
main_grid,googlenet,grid_a64_s64_user,vanilla,1,64,64,USER,ws,0,10000000,20000000,40,313.699,0,ok,False,16099926,16457610,58,/data/grizos/SCALE-Sim/topologies/conv_nets/Googlenet.csv,/data/grizos/Scale-Sim-SPM/benchmarks/results_new/cfgs/googlenet__grid_a64_s64_user__vanilla__rep1.cfg,/data/grizos/Scale-Sim-SPM/benchmarks/results_new/runs/vanilla/googlenet__grid_a64_s64_user__vanilla__rep1,/data/grizos/Scale-Sim-SPM/benchmarks/results_new/logs/vanilla/googlenet__grid_a64_s64_user__vanilla__rep1.log,1.24.4,wil,3.8.10,x86_64,2026-09-23T07:24:49.957570+00:00
main_grid,googlenet,grid_a64_s64_user,optimized,1,64,64,USER,ws,0,10000000,20000000,40,162.457,0,ok,False,16099926,16457610,58,/data/grizos/Scale-Sim-SPM/topologies/conv_nets/Googlenet.csv,/data/grizos/Scale-Sim-SPM/benchmarks/results_new/cfgs/googlenet__grid_a64_s64_user__optimized__rep1.cfg,/data/grizos/Scale-Sim-SPM/benchmarks/results_new/runs/optimized/googlenet__grid_a64_s64_user__optimized__rep1,/data/grizos/Scale-Sim-SPM/benchmarks/results_new/logs/optimized/googlenet__grid_a64_s64_user__optimized__rep1.log,1.24.4,wil,3.8.10,x86_64,2026-09-23T07:27:32.757670+00:00
main_grid,googlenet,grid_a64_s128_user,vanilla,1,64,128,USER,ws,0,10000000,20000000,40,241.981,0,ok,False,11071930,11760633,58,/data/grizos/SCALE-Sim/topologies/conv_nets/Googlenet.csv,/data/grizos/Scale-Sim-SPM/benchmarks/results_new/cfgs/googlenet__grid_a64_s128_user__vanilla__rep1.cfg,/data/grizos/Scale-Sim-SPM/benchmarks/results_new/runs/vanilla/googlenet__grid_a64_s128_user__vanilla__rep1,/data/grizos/Scale-Sim-SPM/benchmarks/results_new/logs/vanilla/googlenet__grid_a64_s128_user__vanilla__rep1.log,1.24.4,wil,3.8.10,x86_64,2026-09-23T07:31:35.080929+00:00
main_grid,googlenet,grid_a64_s128_user,optimized,1,64,128,USER,ws,0,10000000,20000000,40,146.979,0,ok,False,11071930,11760633,58,/data/grizos/Scale-Sim-SPM/topologies/conv_nets/Googlenet.csv,/data/grizos/Scale-Sim-SPM/benchmarks/results_new/cfgs/googlenet__grid_a64_s128_user__optimized__rep1.cfg,/data/grizos/Scale-Sim-SPM/benchmarks/results_new/runs/optimized/googlenet__grid_a64_s128_user__optimized__rep1,/data/grizos/Scale-Sim-SPM/benchmarks/results_new/logs/optimized/googlenet__grid_a64_s128_user__optimized__rep1.log,1.24.4,wil,3.8.10,x86_64,2026-09-23T07:34:02.324522+00:00
main_grid,googlenet,grid_a64_s256_user,vanilla,1,64,256,USER,ws,0,10000000,20000000,40,204.198,0,ok,False,7896220,9133515,58,/data/grizos/SCALE-Sim/topologies/conv_nets/Googlenet.csv,/data/grizos/Scale-Sim-SPM/benchmarks/results_new/cfgs/googlenet__grid_a64_s256_user__vanilla__rep1.cfg,/data/grizos/Scale-Sim-SPM/benchmarks/results_new/runs/vanilla/googlenet__grid_a64_s256_user__vanilla__rep1,/data/grizos/Scale-Sim-SPM/benchmarks/results_new/logs/vanilla/googlenet__grid_a64_s256_user__vanilla__rep1.log,1.24.4,wil,3.8.10,x86_64,2026-09-23T07:37:26.787975+00:00
main_grid,googlenet,grid_a64_s256_user,optimized,1,64,256,USER,ws,0,10000000,20000000,40,129.192,0,ok,False,7896220,9133515,58,/data/grizos/Scale-Sim-SPM/topologies/conv_nets/Googlenet.csv,/data/grizos/Scale-Sim-SPM/benchmarks/results_new/cfgs/googlenet__grid_a64_s256_user__optimized__rep1.cfg,/data/grizos/Scale-Sim-SPM/benchmarks/results_new/runs/optimized/googlenet__grid_a64_s256_user__optimized__rep1,/data/grizos/Scale-Sim-SPM/benchmarks/results_new/logs/optimized/googlenet__grid_a64_s256_user__optimized__rep1.log,1.24.4,wil,3.8.10,x86_64,2026-09-23T07:39:36.200848+00:00
main_grid,googlenet,grid_a16_s64_calc,vanilla,1,16,64,CALC,ws,0,10000000,20000000,40,629.128,0,ok,False,6564448,6830929,58,/data/grizos/SCALE-Sim/topologies/conv_nets/Googlenet.csv,/data/grizos/Scale-Sim-SPM/benchmarks/results_new/cfgs/googlenet__grid_a16_s64_calc__vanilla__rep1.cfg,/data/grizos/Scale-Sim-SPM/benchmarks/results_new/runs/vanilla/googlenet__grid_a16_s64_calc__vanilla__rep1,/data/grizos/Scale-Sim-SPM/benchmarks/results_new/logs/vanilla/googlenet__grid_a16_s64_calc__vanilla__rep1.log,1.24.4,wil,3.8.10,x86_64,2026-09-23T07:50:05.548096+00:00
main_grid,googlenet,grid_a16_s64_calc,optimized,1,16,64,CALC,ws,0,10000000,20000000,40,357.669,0,ok,False,6564448,6830929,58,/data/grizos/Scale-Sim-SPM/topologies/conv_nets/Googlenet.csv,/data/grizos/Scale-Sim-SPM/benchmarks/results_new/cfgs/googlenet__grid_a16_s64_calc__optimized__rep1.cfg,/data/grizos/Scale-Sim-SPM/benchmarks/results_new/runs/optimized/googlenet__grid_a16_s64_calc__optimized__rep1,/data/grizos/Scale-Sim-SPM/benchmarks/results_new/logs/optimized/googlenet__grid_a16_s64_calc__optimized__rep1.log,1.24.4,wil,3.8.10,x86_64,2026-09-23T07:56:03.633933+00:00
main_grid,googlenet,grid_a64_s64_calc,vanilla,1,64,64,CALC,ws,0,10000000,20000000,40,122.928,0,ok,False,714911,917800,58,/data/grizos/SCALE-Sim/topologies/conv_nets/Googlenet.csv,/data/grizos/Scale-Sim-SPM/benchmarks/results_new/cfgs/googlenet__grid_a64_s64_calc__vanilla__rep1.cfg,/data/grizos/Scale-Sim-SPM/benchmarks/results_new/runs/vanilla/googlenet__grid_a64_s64_calc__vanilla__rep1,/data/grizos/Scale-Sim-SPM/benchmarks/results_new/logs/vanilla/googlenet__grid_a64_s64_calc__vanilla__rep1.log,1.24.4,wil,3.8.10,x86_64,2026-09-23T07:58:06.976666+00:00
main_grid,googlenet,grid_a64_s64_calc,optimized,1,64,64,CALC,ws,0,10000000,20000000,40,75.684,0,ok,False,714911,917800,58,/data/grizos/Scale-Sim-SPM/topologies/conv_nets/Googlenet.csv,/data/grizos/Scale-Sim-SPM/benchmarks/results_new/cfgs/googlenet__grid_a64_s64_calc__optimized__rep1.cfg,/data/grizos/Scale-Sim-SPM/benchmarks/results_new/runs/optimized/googlenet__grid_a64_s64_calc__optimized__rep1,/data/grizos/Scale-Sim-SPM/benchmarks/results_new/logs/optimized/googlenet__grid_a64_s64_calc__optimized__rep1.log,1.24.4,wil,3.8.10,x86_64,2026-09-23T07:59:22.805499+00:00
main_grid,googlenet,ctrl_offset_shift,vanilla,1,32,64,CALC,ws,5000000,15000000,25000000,40,243.797,0,ok,False,1987921,2214019,58,/data/grizos/SCALE-Sim/topologies/conv_nets/Googlenet.csv,/data/grizos/Scale-Sim-SPM/benchmarks/results_new/cfgs/googlenet__ctrl_offset_shift__vanilla__rep1.cfg,/data/grizos/Scale-Sim-SPM/benchmarks/results_new/runs/vanilla/googlenet__ctrl_offset_shift__vanilla__rep1,/data/grizos/Scale-Sim-SPM/benchmarks/results_new/logs/vanilla/googlenet__ctrl_offset_shift__vanilla__rep1.log,1.24.4,wil,3.8.10,x86_64,2026-09-23T08:03:26.747281+00:00
main_grid,googlenet,ctrl_offset_shift,optimized,1,32,64,CALC,ws,5000000,15000000,25000000,40,148.287,0,ok,False,1987921,2214019,58,/data/grizos/Scale-Sim-SPM/topologies/conv_nets/Googlenet.csv,/data/grizos/Scale-Sim-SPM/benchmarks/results_new/cfgs/googlenet__ctrl_offset_shift__optimized__rep1.cfg,/data/grizos/Scale-Sim-SPM/benchmarks/results_new/runs/optimized/googlenet__ctrl_offset_shift__optimized__rep1,/data/grizos/Scale-Sim-SPM/benchmarks/results_new/logs/optimized/googlenet__ctrl_offset_shift__optimized__rep1.log,1.24.4,wil,3.8.10,x86_64,2026-09-23T08:05:55.279679+00:00
main_grid,googlenet,ctrl_seed_alt,vanilla,1,32,64,CALC,ws,0,10000000,20000000,777,246.562,0,ok,False,1987921,2214019,58,/data/grizos/SCALE-Sim/topologies/conv_nets/Googlenet.csv,/data/grizos/Scale-Sim-SPM/benchmarks/results_new/cfgs/googlenet__ctrl_seed_alt__vanilla__rep1.cfg,/data/grizos/Scale-Sim-SPM/benchmarks/results_new/runs/vanilla/googlenet__ctrl_seed_alt__vanilla__rep1,/data/grizos/Scale-Sim-SPM/benchmarks/results_new/logs/vanilla/googlenet__ctrl_seed_alt__vanilla__rep1.log,1.24.4,wil,3.8.10,x86_64,2026-09-23T08:10:02.082427+00:00
main_grid,googlenet,ctrl_seed_alt,optimized,1,32,64,CALC,ws,0,10000000,20000000,777,148.368,0,ok,False,1987921,2214019,58,/data/grizos/Scale-Sim-SPM/topologies/conv_nets/Googlenet.csv,/data/grizos/Scale-Sim-SPM/benchmarks/results_new/cfgs/googlenet__ctrl_seed_alt__optimized__rep1.cfg,/data/grizos/Scale-Sim-SPM/benchmarks/results_new/runs/optimized/googlenet__ctrl_seed_alt__optimized__rep1,/data/grizos/Scale-Sim-SPM/benchmarks/results_new/logs/optimized/googlenet__ctrl_seed_alt__optimized__rep1.log,1.24.4,wil,3.8.10,x86_64,2026-09-23T08:12:30.676174+00:00
