Layer name, IFMAP Height, IFMAP Width, Filter Height, Filter Width, Channels, Num Filter, Strides,
CONV2D_3,229,229,7,7,3,64,2,
CONV2D_8,56,56,1,1,64,128,1,
CONV2D_9,58,58,3,3,128,32,1,
CONV2D_13,56,56,1,1,96,128,1,
CONV2D_14,58,58,3,3,128,32,1,
CONV2D_18,56,56,1,1,128,128,1,
CONV2D_19,58,58,3,3,128,32,1,
CONV2D_23,56,56,1,1,160,128,1,
CONV2D_24,58,58,3,3,128,32,1,
CONV2D_28,56,56,1,1,192,128,1,
CONV2D_29,58,58,3,3,128,32,1,
CONV2D_33,56,56,1,1,224,128,1,
CONV2D_34,58,58,3,3,128,32,1,
CONV2D_38,56,56,1,1,256,128,1,
CONV2D_42,28,28,1,1,128,128,1,
CONV2D_43,30,30,3,3,128,32,1,
CONV2D_47,28,28,1,1,160,128,1,
CONV2D_48,30,30,3,3,128,32,1,
CONV2D_52,28,28,1,1,192,128,1,
CONV2D_53,30,30,3,3,128,32,1,
CONV2D_57,28,28,1,1,224,128,1,
CONV2D_58,30,30,3,3,128,32,1,
CONV2D_62,28,28,1,1,256,128,1,
CONV2D_63,30,30,3,3,128,32,1,
CONV2D_67,28,28,1,1,288,128,1,
CONV2D_68,30,30,3,3,128,32,1,
CONV2D_72,28,28,1,1,320,128,1,
CONV2D_73,30,30,3,3,128,32,1,
CONV2D_77,28,28,1,1,352,128,1,
CONV2D_78,30,30,3,3,128,32,1,
CONV2D_82,28,28,1,1,384,128,1,
CONV2D_83,30,30,3,3,128,32,1,
CONV2D_87,28,28,1,1,416,128,1,
CONV2D_88,30,30,3,3,128,32,1,
CONV2D_92,28,28,1,1,448,128,1,
CONV2D_93,30,30,3,3,128,32,1,
CONV2D_97,28,28,1,1,480,128,1,
CONV2D_98,30,30,3,3,128,32,1,
CONV2D_102,28,28,1,1,512,256,1,
CONV2D_106,14,14,1,1,256,128,1,
CONV2D_107,16,16,3,3,128,32,1,
CONV2D_111,14,14,1,1,288,128,1,
CONV2D_112,16,16,3,3,128,32,1,
CONV2D_116,14,14,1,1,320,128,1,
CONV2D_117,16,16,3,3,128,32,1,
CONV2D_121,14,14,1,1,352,128,1,
CONV2D_122,16,16,3,3,128,32,1,
CONV2D_126,14,14,1,1,384,128,1,
CONV2D_127,16,16,3,3,128,32,1,
CONV2D_131,14,14,1,1,416,128,1,
CONV2D_132,16,16,3,3,128,32,1,
CONV2D_136,14,14,1,1,448,128,1,
CONV2D_137,16,16,3,3,128,32,1,
CONV2D_141,14,14,1,1,480,128,1,
CONV2D_142,16,16,3,3,128,32,1,
CONV2D_146,14,14,1,1,512,128,1,
CONV2D_147,16,16,3,3,128,32,1,
CONV2D_151,14,14,1,1,544,128,1,
CONV2D_152,16,16,3,3,128,32,1,
CONV2D_156,14,14,1,1,576,128,1,
CONV2D_157,16,16,3,3,128,32,1,
CONV2D_161,14,14,1,1,608,128,1,
CONV2D_162,16,16,3,3,128,32,1,
CONV2D_166,14,14,1,1,640,128,1,
CONV2D_167,16,16,3,3,128,32,1,
CONV2D_171,14,14,1,1,672,128,1,
CONV2D_172,16,16,3,3,128,32,1,
CONV2D_176,14,14,1,1,704,128,1,
CONV2D_177,16,16,3,3,128,32,1,
CONV2D_181,14,14,1,1,736,128,1,
CONV2D_182,16,16,3,3,128,32,1,
CONV2D_186,14,14,1,1,768,128,1,
CONV2D_187,16,16,3,3,128,32,1,
CONV2D_191,14,14,1,1,800,128,1,
CONV2D_192,16,16,3,3,128,32,1,
CONV2D_196,14,14,1,1,832,128,1,
CONV2D_197,16,16,3,3,128,32,1,
CONV2D_201,14,14,1,1,864,128,1,
CONV2D_202,16,16,3,3,128,32,1,
CONV2D_206,14,14,1,1,896,128,1,
CONV2D_207,16,16,3,3,128,32,1,
CONV2D_211,14,14,1,1,928,128,1,
CONV2D_212,16,16,3,3,128,32,1,
CONV2D_216,14,14,1,1,960,128,1,
CONV2D_217,16,16,3,3,128,32,1,
CONV2D_221,14,14,1,1,992,128,1,
CONV2D_222,16,16,3,3,128,32,1,
CONV2D_226,14,14,1,1,1024,512,1,
CONV2D_230,7,7,1,1,512,128,1,
CONV2D_231,9,9,3,3,128,32,1,
CONV2D_235,7,7,1,1,544,128,1,
CONV2D_236,9,9,3,3,128,32,1,
CONV2D_240,7,7,1,1,576,128,1,
CONV2D_241,9,9,3,3,128,32,1,
CONV2D_245,7,7,1,1,608,128,1,
CONV2D_246,9,9,3,3,128,32,1,
CONV2D_250,7,7,1,1,640,128,1,
CONV2D_251,9,9,3,3,128,32,1,
CONV2D_255,7,7,1,1,672,128,1,
CONV2D_256,9,9,3,3,128,32,1,
CONV2D_260,7,7,1,1,704,128,1,
CONV2D_261,9,9,3,3,128,32,1,
CONV2D_265,7,7,1,1,736,128,1,
CONV2D_266,9,9,3,3,128,32,1,
CONV2D_270,7,7,1,1,768,128,1,
CONV2D_271,9,9,3,3,128,32,1,
CONV2D_275,7,7,1,1,800,128,1,
CONV2D_276,9,9,3,3,128,32,1,
CONV2D_280,7,7,1,1,832,128,1,
CONV2D_281,9,9,3,3,128,32,1,
CONV2D_285,7,7,1,1,864,128,1,
CONV2D_286,9,9,3,3,128,32,1,
CONV2D_290,7,7,1,1,896,128,1,
CONV2D_291,9,9,3,3,128,32,1,
CONV2D_295,7,7,1,1,928,128,1,
CONV2D_296,9,9,3,3,128,32,1,
CONV2D_300,7,7,1,1,960,128,1,
CONV2D_301,9,9,3,3,128,32,1,
CONV2D_305,7,7,1,1,992,128,1,
CONV2D_306,9,9,3,3,128,32,1,
