Layer name,Ifmap height,ifmap width,filter height,filter width,channels,num filters,strides,
conv1_r1,224,224,7,7,3,64,1,
layer_64_1_conv4_r1,56,56,1,1,64,256,1,
layer_64_1_conv1_r1,56,56,1,1,64,64,1,
layer_64_1_conv2_r1,56,56,3,3,64,64,1,
layer_64_1_conv3_r1,56,56,1,1,64,256,1,
layer_64_2_conv1_r1,56,56,1,1,256,64,1,
layer_64_2_conv2_r1,56,56,3,3,64,64,1,
layer_64_2_conv3_r1,56,56,1,1,64,256,1,
layer_64_3_conv1_r1,56,56,1,1,256,64,1,
layer_64_3_conv2_r1,56,56,3,3,64,64,1,
layer_64_3_conv3_r1,56,56,1,1,64,256,1,
layer_128_1_conv4_r1,56,56,1,1,256,512,1,
layer_128_1_conv1_r1,56,56,1,1,256,128,1,
layer_128_1_conv2_r1,56,56,3,3,128,128,1,
layer_128_1_conv3_r1,28,28,1,1,128,512,1,
layer_128_2_conv1_r1,28,28,1,1,512,128,1,
layer_128_2_conv2_r1,28,28,3,3,128,128,1,
layer_128_2_conv3_r1,28,28,1,1,128,512,1,
layer_128_3_conv1_r1,28,28,1,1,512,128,1,
layer_128_3_conv2_r1,28,28,3,3,128,128,1,
layer_128_3_conv3_r1,28,28,1,1,128,512,1,
layer_128_4_conv1_r1,28,28,1,1,512,128,1,
layer_128_4_conv2_r1,28,28,3,3,128,128,1,
layer_128_4_conv3_r1,28,28,1,1,128,512,1,
layer_256_1_conv4_r1,28,28,1,1,512,1024,1,
layer_256_1_conv1_r1,28,28,1,1,512,256,1,
layer_256_1_conv2_r1,28,28,3,3,256,256,1,
layer_256_1_conv3_r1,14,14,1,1,256,1024,1,
layer_256_2_conv1_r1,14,14,1,1,1024,256,1,
layer_256_2_conv2_r1,14,14,3,3,256,256,1,
layer_256_2_conv3_r1,14,14,1,1,256,1024,1,
layer_256_3_conv1_r1,14,14,1,1,1024,256,1,
layer_256_3_conv2_r1,14,14,3,3,256,256,1,
layer_256_3_conv3_r1,14,14,1,1,256,1024,1,
layer_256_4_conv1_r1,14,14,1,1,1024,256,1,
layer_256_4_conv2_r1,14,14,3,3,256,256,1,
layer_256_4_conv3_r1,14,14,1,1,256,1024,1,
layer_256_5_conv1_r1,14,14,1,1,1024,256,1,
layer_256_5_conv2_r1,14,14,3,3,256,256,1,
layer_256_5_conv3_r1,14,14,1,1,256,1024,1,
layer_256_6_conv1_r1,14,14,1,1,1024,256,1,
layer_256_6_conv2_r1,14,14,3,3,256,256,1,
layer_256_6_conv3_r1,14,14,1,1,256,1024,1,
layer_512_1_conv4_r1,14,14,1,1,1024,2048,1,
layer_512_1_conv1_r1,14,14,1,1,1024,512,1,
layer_512_1_conv2_r1,14,14,3,3,512,512,1,
layer_512_1_conv3_r1,7,7,1,1,512,2048,1,
layer_512_2_conv1_r1,7,7,1,1,2048,512,1,
layer_512_2_conv2_r1,7,7,3,3,512,512,1,
layer_512_2_conv3_r1,7,7,1,1,512,2048,1,
layer_512_3_conv1_r1,7,7,1,1,2048,512,1,
layer_512_3_conv2_r1,7,7,3,3,512,512,1,
layer_512_3_conv3_r1,7,7,1,1,512,2048,1,
fc1000_r1,1,1,1,1,2048,1000,1,
conv1_r2,224,224,7,7,3,64,1,
layer_64_1_conv4_r2,56,56,1,1,64,256,1,
layer_64_1_conv1_r2,56,56,1,1,64,64,1,
layer_64_1_conv2_r2,56,56,3,3,64,64,1,
layer_64_1_conv3_r2,56,56,1,1,64,256,1,
layer_64_2_conv1_r2,56,56,1,1,256,64,1,
layer_64_2_conv2_r2,56,56,3,3,64,64,1,
layer_64_2_conv3_r2,56,56,1,1,64,256,1,
layer_64_3_conv1_r2,56,56,1,1,256,64,1,
layer_64_3_conv2_r2,56,56,3,3,64,64,1,
layer_64_3_conv3_r2,56,56,1,1,64,256,1,
layer_128_1_conv4_r2,56,56,1,1,256,512,1,
layer_128_1_conv1_r2,56,56,1,1,256,128,1,
layer_128_1_conv2_r2,56,56,3,3,128,128,1,
layer_128_1_conv3_r2,28,28,1,1,128,512,1,
layer_128_2_conv1_r2,28,28,1,1,512,128,1,
layer_128_2_conv2_r2,28,28,3,3,128,128,1,
layer_128_2_conv3_r2,28,28,1,1,128,512,1,
layer_128_3_conv1_r2,28,28,1,1,512,128,1,
layer_128_3_conv2_r2,28,28,3,3,128,128,1,
layer_128_3_conv3_r2,28,28,1,1,128,512,1,
layer_128_4_conv1_r2,28,28,1,1,512,128,1,
layer_128_4_conv2_r2,28,28,3,3,128,128,1,
layer_128_4_conv3_r2,28,28,1,1,128,512,1,
layer_256_1_conv4_r2,28,28,1,1,512,1024,1,
layer_256_1_conv1_r2,28,28,1,1,512,256,1,
layer_256_1_conv2_r2,28,28,3,3,256,256,1,
layer_256_1_conv3_r2,14,14,1,1,256,1024,1,
layer_256_2_conv1_r2,14,14,1,1,1024,256,1,
layer_256_2_conv2_r2,14,14,3,3,256,256,1,
layer_256_2_conv3_r2,14,14,1,1,256,1024,1,
layer_256_3_conv1_r2,14,14,1,1,1024,256,1,
layer_256_3_conv2_r2,14,14,3,3,256,256,1,
layer_256_3_conv3_r2,14,14,1,1,256,1024,1,
layer_256_4_conv1_r2,14,14,1,1,1024,256,1,
layer_256_4_conv2_r2,14,14,3,3,256,256,1,
layer_256_4_conv3_r2,14,14,1,1,256,1024,1,
layer_256_5_conv1_r2,14,14,1,1,1024,256,1,
layer_256_5_conv2_r2,14,14,3,3,256,256,1,
layer_256_5_conv3_r2,14,14,1,1,256,1024,1,
layer_256_6_conv1_r2,14,14,1,1,1024,256,1,
layer_256_6_conv2_r2,14,14,3,3,256,256,1,
layer_256_6_conv3_r2,14,14,1,1,256,1024,1,
layer_512_1_conv4_r2,14,14,1,1,1024,2048,1,
layer_512_1_conv1_r2,14,14,1,1,1024,512,1,
layer_512_1_conv2_r2,14,14,3,3,512,512,1,
layer_512_1_conv3_r2,7,7,1,1,512,2048,1,
layer_512_2_conv1_r2,7,7,1,1,2048,512,1,
layer_512_2_conv2_r2,7,7,3,3,512,512,1,
layer_512_2_conv3_r2,7,7,1,1,512,2048,1,
layer_512_3_conv1_r2,7,7,1,1,2048,512,1,
layer_512_3_conv2_r2,7,7,3,3,512,512,1,
layer_512_3_conv3_r2,7,7,1,1,512,2048,1,
fc1000_r2,1,1,1,1,2048,1000,1,
conv1_r3,224,224,7,7,3,64,1,
layer_64_1_conv4_r3,56,56,1,1,64,256,1,
layer_64_1_conv1_r3,56,56,1,1,64,64,1,
layer_64_1_conv2_r3,56,56,3,3,64,64,1,
layer_64_1_conv3_r3,56,56,1,1,64,256,1,
layer_64_2_conv1_r3,56,56,1,1,256,64,1,
layer_64_2_conv2_r3,56,56,3,3,64,64,1,
layer_64_2_conv3_r3,56,56,1,1,64,256,1,
layer_64_3_conv1_r3,56,56,1,1,256,64,1,
layer_64_3_conv2_r3,56,56,3,3,64,64,1,
layer_64_3_conv3_r3,56,56,1,1,64,256,1,
layer_128_1_conv4_r3,56,56,1,1,256,512,1,
layer_128_1_conv1_r3,56,56,1,1,256,128,1,
layer_128_1_conv2_r3,56,56,3,3,128,128,1,
layer_128_1_conv3_r3,28,28,1,1,128,512,1,
layer_128_2_conv1_r3,28,28,1,1,512,128,1,
layer_128_2_conv2_r3,28,28,3,3,128,128,1,
layer_128_2_conv3_r3,28,28,1,1,128,512,1,
layer_128_3_conv1_r3,28,28,1,1,512,128,1,
layer_128_3_conv2_r3,28,28,3,3,128,128,1,
layer_128_3_conv3_r3,28,28,1,1,128,512,1,
layer_128_4_conv1_r3,28,28,1,1,512,128,1,
layer_128_4_conv2_r3,28,28,3,3,128,128,1,
layer_128_4_conv3_r3,28,28,1,1,128,512,1,
layer_256_1_conv4_r3,28,28,1,1,512,1024,1,
layer_256_1_conv1_r3,28,28,1,1,512,256,1,
layer_256_1_conv2_r3,28,28,3,3,256,256,1,
layer_256_1_conv3_r3,14,14,1,1,256,1024,1,
layer_256_2_conv1_r3,14,14,1,1,1024,256,1,
layer_256_2_conv2_r3,14,14,3,3,256,256,1,
layer_256_2_conv3_r3,14,14,1,1,256,1024,1,
layer_256_3_conv1_r3,14,14,1,1,1024,256,1,
layer_256_3_conv2_r3,14,14,3,3,256,256,1,
layer_256_3_conv3_r3,14,14,1,1,256,1024,1,
layer_256_4_conv1_r3,14,14,1,1,1024,256,1,
layer_256_4_conv2_r3,14,14,3,3,256,256,1,
layer_256_4_conv3_r3,14,14,1,1,256,1024,1,
layer_256_5_conv1_r3,14,14,1,1,1024,256,1,
layer_256_5_conv2_r3,14,14,3,3,256,256,1,
layer_256_5_conv3_r3,14,14,1,1,256,1024,1,
layer_256_6_conv1_r3,14,14,1,1,1024,256,1,
layer_256_6_conv2_r3,14,14,3,3,256,256,1,
layer_256_6_conv3_r3,14,14,1,1,256,1024,1,
layer_512_1_conv4_r3,14,14,1,1,1024,2048,1,
layer_512_1_conv1_r3,14,14,1,1,1024,512,1,
layer_512_1_conv2_r3,14,14,3,3,512,512,1,
layer_512_1_conv3_r3,7,7,1,1,512,2048,1,
layer_512_2_conv1_r3,7,7,1,1,2048,512,1,
layer_512_2_conv2_r3,7,7,3,3,512,512,1,
layer_512_2_conv3_r3,7,7,1,1,512,2048,1,
layer_512_3_conv1_r3,7,7,1,1,2048,512,1,
layer_512_3_conv2_r3,7,7,3,3,512,512,1,
layer_512_3_conv3_r3,7,7,1,1,512,2048,1,
fc1000_r3,1,1,1,1,2048,1000,1,
conv1_r4,224,224,7,7,3,64,1,
layer_64_1_conv4_r4,56,56,1,1,64,256,1,
layer_64_1_conv1_r4,56,56,1,1,64,64,1,
layer_64_1_conv2_r4,56,56,3,3,64,64,1,
layer_64_1_conv3_r4,56,56,1,1,64,256,1,
layer_64_2_conv1_r4,56,56,1,1,256,64,1,
layer_64_2_conv2_r4,56,56,3,3,64,64,1,
layer_64_2_conv3_r4,56,56,1,1,64,256,1,
layer_64_3_conv1_r4,56,56,1,1,256,64,1,
layer_64_3_conv2_r4,56,56,3,3,64,64,1,
layer_64_3_conv3_r4,56,56,1,1,64,256,1,
layer_128_1_conv4_r4,56,56,1,1,256,512,1,
layer_128_1_conv1_r4,56,56,1,1,256,128,1,
layer_128_1_conv2_r4,56,56,3,3,128,128,1,
layer_128_1_conv3_r4,28,28,1,1,128,512,1,
layer_128_2_conv1_r4,28,28,1,1,512,128,1,
layer_128_2_conv2_r4,28,28,3,3,128,128,1,
layer_128_2_conv3_r4,28,28,1,1,128,512,1,
layer_128_3_conv1_r4,28,28,1,1,512,128,1,
layer_128_3_conv2_r4,28,28,3,3,128,128,1,
layer_128_3_conv3_r4,28,28,1,1,128,512,1,
layer_128_4_conv1_r4,28,28,1,1,512,128,1,
layer_128_4_conv2_r4,28,28,3,3,128,128,1,
layer_128_4_conv3_r4,28,28,1,1,128,512,1,
layer_256_1_conv4_r4,28,28,1,1,512,1024,1,
layer_256_1_conv1_r4,28,28,1,1,512,256,1,
layer_256_1_conv2_r4,28,28,3,3,256,256,1,
layer_256_1_conv3_r4,14,14,1,1,256,1024,1,
layer_256_2_conv1_r4,14,14,1,1,1024,256,1,
layer_256_2_conv2_r4,14,14,3,3,256,256,1,
layer_256_2_conv3_r4,14,14,1,1,256,1024,1,
layer_256_3_conv1_r4,14,14,1,1,1024,256,1,
layer_256_3_conv2_r4,14,14,3,3,256,256,1,
layer_256_3_conv3_r4,14,14,1,1,256,1024,1,
layer_256_4_conv1_r4,14,14,1,1,1024,256,1,
layer_256_4_conv2_r4,14,14,3,3,256,256,1,
layer_256_4_conv3_r4,14,14,1,1,256,1024,1,
layer_256_5_conv1_r4,14,14,1,1,1024,256,1,
layer_256_5_conv2_r4,14,14,3,3,256,256,1,
layer_256_5_conv3_r4,14,14,1,1,256,1024,1,
layer_256_6_conv1_r4,14,14,1,1,1024,256,1,
layer_256_6_conv2_r4,14,14,3,3,256,256,1,
layer_256_6_conv3_r4,14,14,1,1,256,1024,1,
layer_512_1_conv4_r4,14,14,1,1,1024,2048,1,
layer_512_1_conv1_r4,14,14,1,1,1024,512,1,
layer_512_1_conv2_r4,14,14,3,3,512,512,1,
layer_512_1_conv3_r4,7,7,1,1,512,2048,1,
layer_512_2_conv1_r4,7,7,1,1,2048,512,1,
layer_512_2_conv2_r4,7,7,3,3,512,512,1,
layer_512_2_conv3_r4,7,7,1,1,512,2048,1,
layer_512_3_conv1_r4,7,7,1,1,2048,512,1,
layer_512_3_conv2_r4,7,7,3,3,512,512,1,
layer_512_3_conv3_r4,7,7,1,1,512,2048,1,
fc1000_r4,1,1,1,1,2048,1000,1,
conv1_r5,224,224,7,7,3,64,1,
layer_64_1_conv4_r5,56,56,1,1,64,256,1,
layer_64_1_conv1_r5,56,56,1,1,64,64,1,
layer_64_1_conv2_r5,56,56,3,3,64,64,1,
layer_64_1_conv3_r5,56,56,1,1,64,256,1,
layer_64_2_conv1_r5,56,56,1,1,256,64,1,
layer_64_2_conv2_r5,56,56,3,3,64,64,1,
layer_64_2_conv3_r5,56,56,1,1,64,256,1,
layer_64_3_conv1_r5,56,56,1,1,256,64,1,
layer_64_3_conv2_r5,56,56,3,3,64,64,1,
layer_64_3_conv3_r5,56,56,1,1,64,256,1,
layer_128_1_conv4_r5,56,56,1,1,256,512,1,
layer_128_1_conv1_r5,56,56,1,1,256,128,1,
layer_128_1_conv2_r5,56,56,3,3,128,128,1,
layer_128_1_conv3_r5,28,28,1,1,128,512,1,
layer_128_2_conv1_r5,28,28,1,1,512,128,1,
layer_128_2_conv2_r5,28,28,3,3,128,128,1,
layer_128_2_conv3_r5,28,28,1,1,128,512,1,
layer_128_3_conv1_r5,28,28,1,1,512,128,1,
layer_128_3_conv2_r5,28,28,3,3,128,128,1,
layer_128_3_conv3_r5,28,28,1,1,128,512,1,
layer_128_4_conv1_r5,28,28,1,1,512,128,1,
layer_128_4_conv2_r5,28,28,3,3,128,128,1,
layer_128_4_conv3_r5,28,28,1,1,128,512,1,
layer_256_1_conv4_r5,28,28,1,1,512,1024,1,
layer_256_1_conv1_r5,28,28,1,1,512,256,1,
layer_256_1_conv2_r5,28,28,3,3,256,256,1,
layer_256_1_conv3_r5,14,14,1,1,256,1024,1,
layer_256_2_conv1_r5,14,14,1,1,1024,256,1,
layer_256_2_conv2_r5,14,14,3,3,256,256,1,
layer_256_2_conv3_r5,14,14,1,1,256,1024,1,
layer_256_3_conv1_r5,14,14,1,1,1024,256,1,
layer_256_3_conv2_r5,14,14,3,3,256,256,1,
layer_256_3_conv3_r5,14,14,1,1,256,1024,1,
layer_256_4_conv1_r5,14,14,1,1,1024,256,1,
layer_256_4_conv2_r5,14,14,3,3,256,256,1,
layer_256_4_conv3_r5,14,14,1,1,256,1024,1,
layer_256_5_conv1_r5,14,14,1,1,1024,256,1,
layer_256_5_conv2_r5,14,14,3,3,256,256,1,
layer_256_5_conv3_r5,14,14,1,1,256,1024,1,
layer_256_6_conv1_r5,14,14,1,1,1024,256,1,
layer_256_6_conv2_r5,14,14,3,3,256,256,1,
layer_256_6_conv3_r5,14,14,1,1,256,1024,1,
layer_512_1_conv4_r5,14,14,1,1,1024,2048,1,
layer_512_1_conv1_r5,14,14,1,1,1024,512,1,
layer_512_1_conv2_r5,14,14,3,3,512,512,1,
layer_512_1_conv3_r5,7,7,1,1,512,2048,1,
layer_512_2_conv1_r5,7,7,1,1,2048,512,1,
layer_512_2_conv2_r5,7,7,3,3,512,512,1,
layer_512_2_conv3_r5,7,7,1,1,512,2048,1,
layer_512_3_conv1_r5,7,7,1,1,2048,512,1,
layer_512_3_conv2_r5,7,7,3,3,512,512,1,
layer_512_3_conv3_r5,7,7,1,1,512,2048,1,
fc1000_r5,1,1,1,1,2048,1000,1,
conv1_r6,224,224,7,7,3,64,1,
layer_64_1_conv4_r6,56,56,1,1,64,256,1,
layer_64_1_conv1_r6,56,56,1,1,64,64,1,
layer_64_1_conv2_r6,56,56,3,3,64,64,1,
layer_64_1_conv3_r6,56,56,1,1,64,256,1,
layer_64_2_conv1_r6,56,56,1,1,256,64,1,
layer_64_2_conv2_r6,56,56,3,3,64,64,1,
layer_64_2_conv3_r6,56,56,1,1,64,256,1,
layer_64_3_conv1_r6,56,56,1,1,256,64,1,
layer_64_3_conv2_r6,56,56,3,3,64,64,1,
layer_64_3_conv3_r6,56,56,1,1,64,256,1,
layer_128_1_conv4_r6,56,56,1,1,256,512,1,
layer_128_1_conv1_r6,56,56,1,1,256,128,1,
layer_128_1_conv2_r6,56,56,3,3,128,128,1,
layer_128_1_conv3_r6,28,28,1,1,128,512,1,
layer_128_2_conv1_r6,28,28,1,1,512,128,1,
layer_128_2_conv2_r6,28,28,3,3,128,128,1,
layer_128_2_conv3_r6,28,28,1,1,128,512,1,
layer_128_3_conv1_r6,28,28,1,1,512,128,1,
layer_128_3_conv2_r6,28,28,3,3,128,128,1,
layer_128_3_conv3_r6,28,28,1,1,128,512,1,
layer_128_4_conv1_r6,28,28,1,1,512,128,1,
layer_128_4_conv2_r6,28,28,3,3,128,128,1,
layer_128_4_conv3_r6,28,28,1,1,128,512,1,
layer_256_1_conv4_r6,28,28,1,1,512,1024,1,
layer_256_1_conv1_r6,28,28,1,1,512,256,1,
layer_256_1_conv2_r6,28,28,3,3,256,256,1,
layer_256_1_conv3_r6,14,14,1,1,256,1024,1,
layer_256_2_conv1_r6,14,14,1,1,1024,256,1,
layer_256_2_conv2_r6,14,14,3,3,256,256,1,
layer_256_2_conv3_r6,14,14,1,1,256,1024,1,
layer_256_3_conv1_r6,14,14,1,1,1024,256,1,
layer_256_3_conv2_r6,14,14,3,3,256,256,1,
layer_256_3_conv3_r6,14,14,1,1,256,1024,1,
layer_256_4_conv1_r6,14,14,1,1,1024,256,1,
layer_256_4_conv2_r6,14,14,3,3,256,256,1,
layer_256_4_conv3_r6,14,14,1,1,256,1024,1,
layer_256_5_conv1_r6,14,14,1,1,1024,256,1,
layer_256_5_conv2_r6,14,14,3,3,256,256,1,
layer_256_5_conv3_r6,14,14,1,1,256,1024,1,
layer_256_6_conv1_r6,14,14,1,1,1024,256,1,
layer_256_6_conv2_r6,14,14,3,3,256,256,1,
layer_256_6_conv3_r6,14,14,1,1,256,1024,1,
layer_512_1_conv4_r6,14,14,1,1,1024,2048,1,
layer_512_1_conv1_r6,14,14,1,1,1024,512,1,
layer_512_1_conv2_r6,14,14,3,3,512,512,1,
layer_512_1_conv3_r6,7,7,1,1,512,2048,1,
layer_512_2_conv1_r6,7,7,1,1,2048,512,1,
layer_512_2_conv2_r6,7,7,3,3,512,512,1,
layer_512_2_conv3_r6,7,7,1,1,512,2048,1,
layer_512_3_conv1_r6,7,7,1,1,2048,512,1,
layer_512_3_conv2_r6,7,7,3,3,512,512,1,
layer_512_3_conv3_r6,7,7,1,1,512,2048,1,
fc1000_r6,1,1,1,1,2048,1000,1,
conv1_r7,224,224,7,7,3,64,1,
layer_64_1_conv4_r7,56,56,1,1,64,256,1,
layer_64_1_conv1_r7,56,56,1,1,64,64,1,
layer_64_1_conv2_r7,56,56,3,3,64,64,1,
layer_64_1_conv3_r7,56,56,1,1,64,256,1,
layer_64_2_conv1_r7,56,56,1,1,256,64,1,
layer_64_2_conv2_r7,56,56,3,3,64,64,1,
layer_64_2_conv3_r7,56,56,1,1,64,256,1,
layer_64_3_conv1_r7,56,56,1,1,256,64,1,
layer_64_3_conv2_r7,56,56,3,3,64,64,1,
layer_64_3_conv3_r7,56,56,1,1,64,256,1,
layer_128_1_conv4_r7,56,56,1,1,256,512,1,
layer_128_1_conv1_r7,56,56,1,1,256,128,1,
layer_128_1_conv2_r7,56,56,3,3,128,128,1,
layer_128_1_conv3_r7,28,28,1,1,128,512,1,
layer_128_2_conv1_r7,28,28,1,1,512,128,1,
layer_128_2_conv2_r7,28,28,3,3,128,128,1,
layer_128_2_conv3_r7,28,28,1,1,128,512,1,
layer_128_3_conv1_r7,28,28,1,1,512,128,1,
layer_128_3_conv2_r7,28,28,3,3,128,128,1,
layer_128_3_conv3_r7,28,28,1,1,128,512,1,
layer_128_4_conv1_r7,28,28,1,1,512,128,1,
layer_128_4_conv2_r7,28,28,3,3,128,128,1,
layer_128_4_conv3_r7,28,28,1,1,128,512,1,
layer_256_1_conv4_r7,28,28,1,1,512,1024,1,
layer_256_1_conv1_r7,28,28,1,1,512,256,1,
layer_256_1_conv2_r7,28,28,3,3,256,256,1,
layer_256_1_conv3_r7,14,14,1,1,256,1024,1,
layer_256_2_conv1_r7,14,14,1,1,1024,256,1,
layer_256_2_conv2_r7,14,14,3,3,256,256,1,
layer_256_2_conv3_r7,14,14,1,1,256,1024,1,
layer_256_3_conv1_r7,14,14,1,1,1024,256,1,
layer_256_3_conv2_r7,14,14,3,3,256,256,1,
layer_256_3_conv3_r7,14,14,1,1,256,1024,1,
layer_256_4_conv1_r7,14,14,1,1,1024,256,1,
layer_256_4_conv2_r7,14,14,3,3,256,256,1,
layer_256_4_conv3_r7,14,14,1,1,256,1024,1,
layer_256_5_conv1_r7,14,14,1,1,1024,256,1,
layer_256_5_conv2_r7,14,14,3,3,256,256,1,
layer_256_5_conv3_r7,14,14,1,1,256,1024,1,
layer_256_6_conv1_r7,14,14,1,1,1024,256,1,
layer_256_6_conv2_r7,14,14,3,3,256,256,1,
layer_256_6_conv3_r7,14,14,1,1,256,1024,1,
layer_512_1_conv4_r7,14,14,1,1,1024,2048,1,
layer_512_1_conv1_r7,14,14,1,1,1024,512,1,
layer_512_1_conv2_r7,14,14,3,3,512,512,1,
layer_512_1_conv3_r7,7,7,1,1,512,2048,1,
layer_512_2_conv1_r7,7,7,1,1,2048,512,1,
layer_512_2_conv2_r7,7,7,3,3,512,512,1,
layer_512_2_conv3_r7,7,7,1,1,512,2048,1,
layer_512_3_conv1_r7,7,7,1,1,2048,512,1,
layer_512_3_conv2_r7,7,7,3,3,512,512,1,
layer_512_3_conv3_r7,7,7,1,1,512,2048,1,
fc1000_r7,1,1,1,1,2048,1000,1,
conv1_r8,224,224,7,7,3,64,1,
layer_64_1_conv4_r8,56,56,1,1,64,256,1,
layer_64_1_conv1_r8,56,56,1,1,64,64,1,
layer_64_1_conv2_r8,56,56,3,3,64,64,1,
layer_64_1_conv3_r8,56,56,1,1,64,256,1,
layer_64_2_conv1_r8,56,56,1,1,256,64,1,
layer_64_2_conv2_r8,56,56,3,3,64,64,1,
layer_64_2_conv3_r8,56,56,1,1,64,256,1,
layer_64_3_conv1_r8,56,56,1,1,256,64,1,
layer_64_3_conv2_r8,56,56,3,3,64,64,1,
layer_64_3_conv3_r8,56,56,1,1,64,256,1,
layer_128_1_conv4_r8,56,56,1,1,256,512,1,
layer_128_1_conv1_r8,56,56,1,1,256,128,1,
layer_128_1_conv2_r8,56,56,3,3,128,128,1,
layer_128_1_conv3_r8,28,28,1,1,128,512,1,
layer_128_2_conv1_r8,28,28,1,1,512,128,1,
layer_128_2_conv2_r8,28,28,3,3,128,128,1,
layer_128_2_conv3_r8,28,28,1,1,128,512,1,
layer_128_3_conv1_r8,28,28,1,1,512,128,1,
layer_128_3_conv2_r8,28,28,3,3,128,128,1,
layer_128_3_conv3_r8,28,28,1,1,128,512,1,
layer_128_4_conv1_r8,28,28,1,1,512,128,1,
layer_128_4_conv2_r8,28,28,3,3,128,128,1,
layer_128_4_conv3_r8,28,28,1,1,128,512,1,
layer_256_1_conv4_r8,28,28,1,1,512,1024,1,
layer_256_1_conv1_r8,28,28,1,1,512,256,1,
layer_256_1_conv2_r8,28,28,3,3,256,256,1,
layer_256_1_conv3_r8,14,14,1,1,256,1024,1,
layer_256_2_conv1_r8,14,14,1,1,1024,256,1,
layer_256_2_conv2_r8,14,14,3,3,256,256,1,
layer_256_2_conv3_r8,14,14,1,1,256,1024,1,
layer_256_3_conv1_r8,14,14,1,1,1024,256,1,
layer_256_3_conv2_r8,14,14,3,3,256,256,1,
layer_256_3_conv3_r8,14,14,1,1,256,1024,1,
layer_256_4_conv1_r8,14,14,1,1,1024,256,1,
layer_256_4_conv2_r8,14,14,3,3,256,256,1,
layer_256_4_conv3_r8,14,14,1,1,256,1024,1,
layer_256_5_conv1_r8,14,14,1,1,1024,256,1,
layer_256_5_conv2_r8,14,14,3,3,256,256,1,
layer_256_5_conv3_r8,14,14,1,1,256,1024,1,
layer_256_6_conv1_r8,14,14,1,1,1024,256,1,
layer_256_6_conv2_r8,14,14,3,3,256,256,1,
layer_256_6_conv3_r8,14,14,1,1,256,1024,1,
layer_512_1_conv4_r8,14,14,1,1,1024,2048,1,
layer_512_1_conv1_r8,14,14,1,1,1024,512,1,
layer_512_1_conv2_r8,14,14,3,3,512,512,1,
layer_512_1_conv3_r8,7,7,1,1,512,2048,1,
layer_512_2_conv1_r8,7,7,1,1,2048,512,1,
layer_512_2_conv2_r8,7,7,3,3,512,512,1,
layer_512_2_conv3_r8,7,7,1,1,512,2048,1,
layer_512_3_conv1_r8,7,7,1,1,2048,512,1,
layer_512_3_conv2_r8,7,7,3,3,512,512,1,
layer_512_3_conv3_r8,7,7,1,1,512,2048,1,
fc1000_r8,1,1,1,1,2048,1000,1,
conv1_r9,224,224,7,7,3,64,1,
layer_64_1_conv4_r9,56,56,1,1,64,256,1,
layer_64_1_conv1_r9,56,56,1,1,64,64,1,
layer_64_1_conv2_r9,56,56,3,3,64,64,1,
layer_64_1_conv3_r9,56,56,1,1,64,256,1,
layer_64_2_conv1_r9,56,56,1,1,256,64,1,
layer_64_2_conv2_r9,56,56,3,3,64,64,1,
layer_64_2_conv3_r9,56,56,1,1,64,256,1,
layer_64_3_conv1_r9,56,56,1,1,256,64,1,
layer_64_3_conv2_r9,56,56,3,3,64,64,1,
layer_64_3_conv3_r9,56,56,1,1,64,256,1,
layer_128_1_conv4_r9,56,56,1,1,256,512,1,
layer_128_1_conv1_r9,56,56,1,1,256,128,1,
layer_128_1_conv2_r9,56,56,3,3,128,128,1,
layer_128_1_conv3_r9,28,28,1,1,128,512,1,
layer_128_2_conv1_r9,28,28,1,1,512,128,1,
layer_128_2_conv2_r9,28,28,3,3,128,128,1,
layer_128_2_conv3_r9,28,28,1,1,128,512,1,
layer_128_3_conv1_r9,28,28,1,1,512,128,1,
layer_128_3_conv2_r9,28,28,3,3,128,128,1,
layer_128_3_conv3_r9,28,28,1,1,128,512,1,
layer_128_4_conv1_r9,28,28,1,1,512,128,1,
layer_128_4_conv2_r9,28,28,3,3,128,128,1,
layer_128_4_conv3_r9,28,28,1,1,128,512,1,
layer_256_1_conv4_r9,28,28,1,1,512,1024,1,
layer_256_1_conv1_r9,28,28,1,1,512,256,1,
layer_256_1_conv2_r9,28,28,3,3,256,256,1,
layer_256_1_conv3_r9,14,14,1,1,256,1024,1,
layer_256_2_conv1_r9,14,14,1,1,1024,256,1,
layer_256_2_conv2_r9,14,14,3,3,256,256,1,
layer_256_2_conv3_r9,14,14,1,1,256,1024,1,
layer_256_3_conv1_r9,14,14,1,1,1024,256,1,
layer_256_3_conv2_r9,14,14,3,3,256,256,1,
layer_256_3_conv3_r9,14,14,1,1,256,1024,1,
layer_256_4_conv1_r9,14,14,1,1,1024,256,1,
layer_256_4_conv2_r9,14,14,3,3,256,256,1,
layer_256_4_conv3_r9,14,14,1,1,256,1024,1,
layer_256_5_conv1_r9,14,14,1,1,1024,256,1,
layer_256_5_conv2_r9,14,14,3,3,256,256,1,
layer_256_5_conv3_r9,14,14,1,1,256,1024,1,
layer_256_6_conv1_r9,14,14,1,1,1024,256,1,
layer_256_6_conv2_r9,14,14,3,3,256,256,1,
layer_256_6_conv3_r9,14,14,1,1,256,1024,1,
layer_512_1_conv4_r9,14,14,1,1,1024,2048,1,
layer_512_1_conv1_r9,14,14,1,1,1024,512,1,
layer_512_1_conv2_r9,14,14,3,3,512,512,1,
layer_512_1_conv3_r9,7,7,1,1,512,2048,1,
layer_512_2_conv1_r9,7,7,1,1,2048,512,1,
layer_512_2_conv2_r9,7,7,3,3,512,512,1,
layer_512_2_conv3_r9,7,7,1,1,512,2048,1,
layer_512_3_conv1_r9,7,7,1,1,2048,512,1,
layer_512_3_conv2_r9,7,7,3,3,512,512,1,
layer_512_3_conv3_r9,7,7,1,1,512,2048,1,
fc1000_r9,1,1,1,1,2048,1000,1,
conv1_r10,224,224,7,7,3,64,1,
layer_64_1_conv4_r10,56,56,1,1,64,256,1,
layer_64_1_conv1_r10,56,56,1,1,64,64,1,
layer_64_1_conv2_r10,56,56,3,3,64,64,1,
layer_64_1_conv3_r10,56,56,1,1,64,256,1,
layer_64_2_conv1_r10,56,56,1,1,256,64,1,
layer_64_2_conv2_r10,56,56,3,3,64,64,1,
layer_64_2_conv3_r10,56,56,1,1,64,256,1,
layer_64_3_conv1_r10,56,56,1,1,256,64,1,
layer_64_3_conv2_r10,56,56,3,3,64,64,1,
layer_64_3_conv3_r10,56,56,1,1,64,256,1,
layer_128_1_conv4_r10,56,56,1,1,256,512,1,
layer_128_1_conv1_r10,56,56,1,1,256,128,1,
layer_128_1_conv2_r10,56,56,3,3,128,128,1,
layer_128_1_conv3_r10,28,28,1,1,128,512,1,
layer_128_2_conv1_r10,28,28,1,1,512,128,1,
layer_128_2_conv2_r10,28,28,3,3,128,128,1,
layer_128_2_conv3_r10,28,28,1,1,128,512,1,
layer_128_3_conv1_r10,28,28,1,1,512,128,1,
layer_128_3_conv2_r10,28,28,3,3,128,128,1,
layer_128_3_conv3_r10,28,28,1,1,128,512,1,
layer_128_4_conv1_r10,28,28,1,1,512,128,1,
layer_128_4_conv2_r10,28,28,3,3,128,128,1,
layer_128_4_conv3_r10,28,28,1,1,128,512,1,
layer_256_1_conv4_r10,28,28,1,1,512,1024,1,
layer_256_1_conv1_r10,28,28,1,1,512,256,1,
layer_256_1_conv2_r10,28,28,3,3,256,256,1,
layer_256_1_conv3_r10,14,14,1,1,256,1024,1,
layer_256_2_conv1_r10,14,14,1,1,1024,256,1,
layer_256_2_conv2_r10,14,14,3,3,256,256,1,
layer_256_2_conv3_r10,14,14,1,1,256,1024,1,
layer_256_3_conv1_r10,14,14,1,1,1024,256,1,
layer_256_3_conv2_r10,14,14,3,3,256,256,1,
layer_256_3_conv3_r10,14,14,1,1,256,1024,1,
layer_256_4_conv1_r10,14,14,1,1,1024,256,1,
layer_256_4_conv2_r10,14,14,3,3,256,256,1,
layer_256_4_conv3_r10,14,14,1,1,256,1024,1,
layer_256_5_conv1_r10,14,14,1,1,1024,256,1,
layer_256_5_conv2_r10,14,14,3,3,256,256,1,
layer_256_5_conv3_r10,14,14,1,1,256,1024,1,
layer_256_6_conv1_r10,14,14,1,1,1024,256,1,
layer_256_6_conv2_r10,14,14,3,3,256,256,1,
layer_256_6_conv3_r10,14,14,1,1,256,1024,1,
layer_512_1_conv4_r10,14,14,1,1,1024,2048,1,
layer_512_1_conv1_r10,14,14,1,1,1024,512,1,
layer_512_1_conv2_r10,14,14,3,3,512,512,1,
layer_512_1_conv3_r10,7,7,1,1,512,2048,1,
layer_512_2_conv1_r10,7,7,1,1,2048,512,1,
layer_512_2_conv2_r10,7,7,3,3,512,512,1,
layer_512_2_conv3_r10,7,7,1,1,512,2048,1,
layer_512_3_conv1_r10,7,7,1,1,2048,512,1,
layer_512_3_conv2_r10,7,7,3,3,512,512,1,
layer_512_3_conv3_r10,7,7,1,1,512,2048,1,
fc1000_r10,1,1,1,1,2048,1000,1,
conv1_r11,224,224,7,7,3,64,1,
layer_64_1_conv4_r11,56,56,1,1,64,256,1,
layer_64_1_conv1_r11,56,56,1,1,64,64,1,
layer_64_1_conv2_r11,56,56,3,3,64,64,1,
layer_64_1_conv3_r11,56,56,1,1,64,256,1,
layer_64_2_conv1_r11,56,56,1,1,256,64,1,
layer_64_2_conv2_r11,56,56,3,3,64,64,1,
layer_64_2_conv3_r11,56,56,1,1,64,256,1,
layer_64_3_conv1_r11,56,56,1,1,256,64,1,
layer_64_3_conv2_r11,56,56,3,3,64,64,1,
layer_64_3_conv3_r11,56,56,1,1,64,256,1,
layer_128_1_conv4_r11,56,56,1,1,256,512,1,
layer_128_1_conv1_r11,56,56,1,1,256,128,1,
layer_128_1_conv2_r11,56,56,3,3,128,128,1,
layer_128_1_conv3_r11,28,28,1,1,128,512,1,
layer_128_2_conv1_r11,28,28,1,1,512,128,1,
layer_128_2_conv2_r11,28,28,3,3,128,128,1,
layer_128_2_conv3_r11,28,28,1,1,128,512,1,
layer_128_3_conv1_r11,28,28,1,1,512,128,1,
layer_128_3_conv2_r11,28,28,3,3,128,128,1,
layer_128_3_conv3_r11,28,28,1,1,128,512,1,
layer_128_4_conv1_r11,28,28,1,1,512,128,1,
layer_128_4_conv2_r11,28,28,3,3,128,128,1,
layer_128_4_conv3_r11,28,28,1,1,128,512,1,
layer_256_1_conv4_r11,28,28,1,1,512,1024,1,
layer_256_1_conv1_r11,28,28,1,1,512,256,1,
layer_256_1_conv2_r11,28,28,3,3,256,256,1,
layer_256_1_conv3_r11,14,14,1,1,256,1024,1,
layer_256_2_conv1_r11,14,14,1,1,1024,256,1,
layer_256_2_conv2_r11,14,14,3,3,256,256,1,
layer_256_2_conv3_r11,14,14,1,1,256,1024,1,
layer_256_3_conv1_r11,14,14,1,1,1024,256,1,
layer_256_3_conv2_r11,14,14,3,3,256,256,1,
layer_256_3_conv3_r11,14,14,1,1,256,1024,1,
layer_256_4_conv1_r11,14,14,1,1,1024,256,1,
layer_256_4_conv2_r11,14,14,3,3,256,256,1,
layer_256_4_conv3_r11,14,14,1,1,256,1024,1,
layer_256_5_conv1_r11,14,14,1,1,1024,256,1,
layer_256_5_conv2_r11,14,14,3,3,256,256,1,
layer_256_5_conv3_r11,14,14,1,1,256,1024,1,
layer_256_6_conv1_r11,14,14,1,1,1024,256,1,
layer_256_6_conv2_r11,14,14,3,3,256,256,1,
layer_256_6_conv3_r11,14,14,1,1,256,1024,1,
layer_512_1_conv4_r11,14,14,1,1,1024,2048,1,
layer_512_1_conv1_r11,14,14,1,1,1024,512,1,
layer_512_1_conv2_r11,14,14,3,3,512,512,1,
layer_512_1_conv3_r11,7,7,1,1,512,2048,1,
layer_512_2_conv1_r11,7,7,1,1,2048,512,1,
layer_512_2_conv2_r11,7,7,3,3,512,512,1,
layer_512_2_conv3_r11,7,7,1,1,512,2048,1,
layer_512_3_conv1_r11,7,7,1,1,2048,512,1,
layer_512_3_conv2_r11,7,7,3,3,512,512,1,
layer_512_3_conv3_r11,7,7,1,1,512,2048,1,
fc1000_r11,1,1,1,1,2048,1000,1,
conv1_r12,224,224,7,7,3,64,1,
layer_64_1_conv4_r12,56,56,1,1,64,256,1,
layer_64_1_conv1_r12,56,56,1,1,64,64,1,
layer_64_1_conv2_r12,56,56,3,3,64,64,1,
layer_64_1_conv3_r12,56,56,1,1,64,256,1,
layer_64_2_conv1_r12,56,56,1,1,256,64,1,
layer_64_2_conv2_r12,56,56,3,3,64,64,1,
layer_64_2_conv3_r12,56,56,1,1,64,256,1,
layer_64_3_conv1_r12,56,56,1,1,256,64,1,
layer_64_3_conv2_r12,56,56,3,3,64,64,1,
layer_64_3_conv3_r12,56,56,1,1,64,256,1,
layer_128_1_conv4_r12,56,56,1,1,256,512,1,
layer_128_1_conv1_r12,56,56,1,1,256,128,1,
layer_128_1_conv2_r12,56,56,3,3,128,128,1,
layer_128_1_conv3_r12,28,28,1,1,128,512,1,
layer_128_2_conv1_r12,28,28,1,1,512,128,1,
layer_128_2_conv2_r12,28,28,3,3,128,128,1,
layer_128_2_conv3_r12,28,28,1,1,128,512,1,
layer_128_3_conv1_r12,28,28,1,1,512,128,1,
layer_128_3_conv2_r12,28,28,3,3,128,128,1,
layer_128_3_conv3_r12,28,28,1,1,128,512,1,
layer_128_4_conv1_r12,28,28,1,1,512,128,1,
layer_128_4_conv2_r12,28,28,3,3,128,128,1,
layer_128_4_conv3_r12,28,28,1,1,128,512,1,
layer_256_1_conv4_r12,28,28,1,1,512,1024,1,
layer_256_1_conv1_r12,28,28,1,1,512,256,1,
layer_256_1_conv2_r12,28,28,3,3,256,256,1,
layer_256_1_conv3_r12,14,14,1,1,256,1024,1,
layer_256_2_conv1_r12,14,14,1,1,1024,256,1,
layer_256_2_conv2_r12,14,14,3,3,256,256,1,
layer_256_2_conv3_r12,14,14,1,1,256,1024,1,
layer_256_3_conv1_r12,14,14,1,1,1024,256,1,
layer_256_3_conv2_r12,14,14,3,3,256,256,1,
layer_256_3_conv3_r12,14,14,1,1,256,1024,1,
layer_256_4_conv1_r12,14,14,1,1,1024,256,1,
layer_256_4_conv2_r12,14,14,3,3,256,256,1,
layer_256_4_conv3_r12,14,14,1,1,256,1024,1,
layer_256_5_conv1_r12,14,14,1,1,1024,256,1,
layer_256_5_conv2_r12,14,14,3,3,256,256,1,
layer_256_5_conv3_r12,14,14,1,1,256,1024,1,
layer_256_6_conv1_r12,14,14,1,1,1024,256,1,
layer_256_6_conv2_r12,14,14,3,3,256,256,1,
layer_256_6_conv3_r12,14,14,1,1,256,1024,1,
layer_512_1_conv4_r12,14,14,1,1,1024,2048,1,
layer_512_1_conv1_r12,14,14,1,1,1024,512,1,
layer_512_1_conv2_r12,14,14,3,3,512,512,1,
layer_512_1_conv3_r12,7,7,1,1,512,2048,1,
layer_512_2_conv1_r12,7,7,1,1,2048,512,1,
layer_512_2_conv2_r12,7,7,3,3,512,512,1,
layer_512_2_conv3_r12,7,7,1,1,512,2048,1,
layer_512_3_conv1_r12,7,7,1,1,2048,512,1,
layer_512_3_conv2_r12,7,7,3,3,512,512,1,
layer_512_3_conv3_r12,7,7,1,1,512,2048,1,
fc1000_r12,1,1,1,1,2048,1000,1,
conv1_r13,224,224,7,7,3,64,1,
layer_64_1_conv4_r13,56,56,1,1,64,256,1,
layer_64_1_conv1_r13,56,56,1,1,64,64,1,
layer_64_1_conv2_r13,56,56,3,3,64,64,1,
layer_64_1_conv3_r13,56,56,1,1,64,256,1,
layer_64_2_conv1_r13,56,56,1,1,256,64,1,
layer_64_2_conv2_r13,56,56,3,3,64,64,1,
layer_64_2_conv3_r13,56,56,1,1,64,256,1,
layer_64_3_conv1_r13,56,56,1,1,256,64,1,
layer_64_3_conv2_r13,56,56,3,3,64,64,1,
layer_64_3_conv3_r13,56,56,1,1,64,256,1,
layer_128_1_conv4_r13,56,56,1,1,256,512,1,
layer_128_1_conv1_r13,56,56,1,1,256,128,1,
layer_128_1_conv2_r13,56,56,3,3,128,128,1,
layer_128_1_conv3_r13,28,28,1,1,128,512,1,
layer_128_2_conv1_r13,28,28,1,1,512,128,1,
layer_128_2_conv2_r13,28,28,3,3,128,128,1,
layer_128_2_conv3_r13,28,28,1,1,128,512,1,
layer_128_3_conv1_r13,28,28,1,1,512,128,1,
layer_128_3_conv2_r13,28,28,3,3,128,128,1,
layer_128_3_conv3_r13,28,28,1,1,128,512,1,
layer_128_4_conv1_r13,28,28,1,1,512,128,1,
layer_128_4_conv2_r13,28,28,3,3,128,128,1,
layer_128_4_conv3_r13,28,28,1,1,128,512,1,
layer_256_1_conv4_r13,28,28,1,1,512,1024,1,
layer_256_1_conv1_r13,28,28,1,1,512,256,1,
layer_256_1_conv2_r13,28,28,3,3,256,256,1,
layer_256_1_conv3_r13,14,14,1,1,256,1024,1,
layer_256_2_conv1_r13,14,14,1,1,1024,256,1,
layer_256_2_conv2_r13,14,14,3,3,256,256,1,
layer_256_2_conv3_r13,14,14,1,1,256,1024,1,
layer_256_3_conv1_r13,14,14,1,1,1024,256,1,
layer_256_3_conv2_r13,14,14,3,3,256,256,1,
layer_256_3_conv3_r13,14,14,1,1,256,1024,1,
layer_256_4_conv1_r13,14,14,1,1,1024,256,1,
layer_256_4_conv2_r13,14,14,3,3,256,256,1,
layer_256_4_conv3_r13,14,14,1,1,256,1024,1,
layer_256_5_conv1_r13,14,14,1,1,1024,256,1,
layer_256_5_conv2_r13,14,14,3,3,256,256,1,
layer_256_5_conv3_r13,14,14,1,1,256,1024,1,
layer_256_6_conv1_r13,14,14,1,1,1024,256,1,
layer_256_6_conv2_r13,14,14,3,3,256,256,1,
layer_256_6_conv3_r13,14,14,1,1,256,1024,1,
layer_512_1_conv4_r13,14,14,1,1,1024,2048,1,
layer_512_1_conv1_r13,14,14,1,1,1024,512,1,
layer_512_1_conv2_r13,14,14,3,3,512,512,1,
layer_512_1_conv3_r13,7,7,1,1,512,2048,1,
layer_512_2_conv1_r13,7,7,1,1,2048,512,1,
layer_512_2_conv2_r13,7,7,3,3,512,512,1,
layer_512_2_conv3_r13,7,7,1,1,512,2048,1,
layer_512_3_conv1_r13,7,7,1,1,2048,512,1,
layer_512_3_conv2_r13,7,7,3,3,512,512,1,
layer_512_3_conv3_r13,7,7,1,1,512,2048,1,
fc1000_r13,1,1,1,1,2048,1000,1,
conv1_r14,224,224,7,7,3,64,1,
layer_64_1_conv4_r14,56,56,1,1,64,256,1,
layer_64_1_conv1_r14,56,56,1,1,64,64,1,
layer_64_1_conv2_r14,56,56,3,3,64,64,1,
layer_64_1_conv3_r14,56,56,1,1,64,256,1,
layer_64_2_conv1_r14,56,56,1,1,256,64,1,
layer_64_2_conv2_r14,56,56,3,3,64,64,1,
layer_64_2_conv3_r14,56,56,1,1,64,256,1,
layer_64_3_conv1_r14,56,56,1,1,256,64,1,
layer_64_3_conv2_r14,56,56,3,3,64,64,1,
layer_64_3_conv3_r14,56,56,1,1,64,256,1,
layer_128_1_conv4_r14,56,56,1,1,256,512,1,
layer_128_1_conv1_r14,56,56,1,1,256,128,1,
layer_128_1_conv2_r14,56,56,3,3,128,128,1,
layer_128_1_conv3_r14,28,28,1,1,128,512,1,
layer_128_2_conv1_r14,28,28,1,1,512,128,1,
layer_128_2_conv2_r14,28,28,3,3,128,128,1,
layer_128_2_conv3_r14,28,28,1,1,128,512,1,
layer_128_3_conv1_r14,28,28,1,1,512,128,1,
layer_128_3_conv2_r14,28,28,3,3,128,128,1,
layer_128_3_conv3_r14,28,28,1,1,128,512,1,
layer_128_4_conv1_r14,28,28,1,1,512,128,1,
layer_128_4_conv2_r14,28,28,3,3,128,128,1,
layer_128_4_conv3_r14,28,28,1,1,128,512,1,
layer_256_1_conv4_r14,28,28,1,1,512,1024,1,
layer_256_1_conv1_r14,28,28,1,1,512,256,1,
layer_256_1_conv2_r14,28,28,3,3,256,256,1,
layer_256_1_conv3_r14,14,14,1,1,256,1024,1,
layer_256_2_conv1_r14,14,14,1,1,1024,256,1,
layer_256_2_conv2_r14,14,14,3,3,256,256,1,
layer_256_2_conv3_r14,14,14,1,1,256,1024,1,
layer_256_3_conv1_r14,14,14,1,1,1024,256,1,
layer_256_3_conv2_r14,14,14,3,3,256,256,1,
layer_256_3_conv3_r14,14,14,1,1,256,1024,1,
layer_256_4_conv1_r14,14,14,1,1,1024,256,1,
layer_256_4_conv2_r14,14,14,3,3,256,256,1,
layer_256_4_conv3_r14,14,14,1,1,256,1024,1,
layer_256_5_conv1_r14,14,14,1,1,1024,256,1,
layer_256_5_conv2_r14,14,14,3,3,256,256,1,
layer_256_5_conv3_r14,14,14,1,1,256,1024,1,
layer_256_6_conv1_r14,14,14,1,1,1024,256,1,
layer_256_6_conv2_r14,14,14,3,3,256,256,1,
layer_256_6_conv3_r14,14,14,1,1,256,1024,1,
layer_512_1_conv4_r14,14,14,1,1,1024,2048,1,
layer_512_1_conv1_r14,14,14,1,1,1024,512,1,
layer_512_1_conv2_r14,14,14,3,3,512,512,1,
layer_512_1_conv3_r14,7,7,1,1,512,2048,1,
layer_512_2_conv1_r14,7,7,1,1,2048,512,1,
layer_512_2_conv2_r14,7,7,3,3,512,512,1,
layer_512_2_conv3_r14,7,7,1,1,512,2048,1,
layer_512_3_conv1_r14,7,7,1,1,2048,512,1,
layer_512_3_conv2_r14,7,7,3,3,512,512,1,
layer_512_3_conv3_r14,7,7,1,1,512,2048,1,
fc1000_r14,1,1,1,1,2048,1000,1,
conv1_r15,224,224,7,7,3,64,1,
layer_64_1_conv4_r15,56,56,1,1,64,256,1,
layer_64_1_conv1_r15,56,56,1,1,64,64,1,
layer_64_1_conv2_r15,56,56,3,3,64,64,1,
layer_64_1_conv3_r15,56,56,1,1,64,256,1,
layer_64_2_conv1_r15,56,56,1,1,256,64,1,
layer_64_2_conv2_r15,56,56,3,3,64,64,1,
layer_64_2_conv3_r15,56,56,1,1,64,256,1,
layer_64_3_conv1_r15,56,56,1,1,256,64,1,
layer_64_3_conv2_r15,56,56,3,3,64,64,1,
layer_64_3_conv3_r15,56,56,1,1,64,256,1,
layer_128_1_conv4_r15,56,56,1,1,256,512,1,
layer_128_1_conv1_r15,56,56,1,1,256,128,1,
layer_128_1_conv2_r15,56,56,3,3,128,128,1,
layer_128_1_conv3_r15,28,28,1,1,128,512,1,
layer_128_2_conv1_r15,28,28,1,1,512,128,1,
layer_128_2_conv2_r15,28,28,3,3,128,128,1,
layer_128_2_conv3_r15,28,28,1,1,128,512,1,
layer_128_3_conv1_r15,28,28,1,1,512,128,1,
layer_128_3_conv2_r15,28,28,3,3,128,128,1,
layer_128_3_conv3_r15,28,28,1,1,128,512,1,
layer_128_4_conv1_r15,28,28,1,1,512,128,1,
layer_128_4_conv2_r15,28,28,3,3,128,128,1,
layer_128_4_conv3_r15,28,28,1,1,128,512,1,
layer_256_1_conv4_r15,28,28,1,1,512,1024,1,
layer_256_1_conv1_r15,28,28,1,1,512,256,1,
layer_256_1_conv2_r15,28,28,3,3,256,256,1,
layer_256_1_conv3_r15,14,14,1,1,256,1024,1,
layer_256_2_conv1_r15,14,14,1,1,1024,256,1,
layer_256_2_conv2_r15,14,14,3,3,256,256,1,
layer_256_2_conv3_r15,14,14,1,1,256,1024,1,
layer_256_3_conv1_r15,14,14,1,1,1024,256,1,
layer_256_3_conv2_r15,14,14,3,3,256,256,1,
layer_256_3_conv3_r15,14,14,1,1,256,1024,1,
layer_256_4_conv1_r15,14,14,1,1,1024,256,1,
layer_256_4_conv2_r15,14,14,3,3,256,256,1,
layer_256_4_conv3_r15,14,14,1,1,256,1024,1,
layer_256_5_conv1_r15,14,14,1,1,1024,256,1,
layer_256_5_conv2_r15,14,14,3,3,256,256,1,
layer_256_5_conv3_r15,14,14,1,1,256,1024,1,
layer_256_6_conv1_r15,14,14,1,1,1024,256,1,
layer_256_6_conv2_r15,14,14,3,3,256,256,1,
layer_256_6_conv3_r15,14,14,1,1,256,1024,1,
layer_512_1_conv4_r15,14,14,1,1,1024,2048,1,
layer_512_1_conv1_r15,14,14,1,1,1024,512,1,
layer_512_1_conv2_r15,14,14,3,3,512,512,1,
layer_512_1_conv3_r15,7,7,1,1,512,2048,1,
layer_512_2_conv1_r15,7,7,1,1,2048,512,1,
layer_512_2_conv2_r15,7,7,3,3,512,512,1,
layer_512_2_conv3_r15,7,7,1,1,512,2048,1,
layer_512_3_conv1_r15,7,7,1,1,2048,512,1,
layer_512_3_conv2_r15,7,7,3,3,512,512,1,
layer_512_3_conv3_r15,7,7,1,1,512,2048,1,
fc1000_r15,1,1,1,1,2048,1000,1,
